student_id,counselor_id,date,time,purpose
1,1,2025-07-30,09:00,Initial consultation for academic stress
2,1,2025-07-30,10:30,Follow-up session for anxiety management
3,1,2025-07-31,14:00,Career guidance and planning
4,1,2025-08-01,11:00,Relationship issues counseling
5,1,2025-08-02,15:30,Crisis intervention session
1,1,2025-08-05,09:30,Progress review and goal setting
2,1,2025-08-07,13:00,Stress management techniques
6,1,2025-08-08,10:00,Academic performance concerns
7,1,2025-08-09,16:00,Social adjustment difficulties
8,1,2025-08-12,14:30,Self-esteem and confidence building
