session_id,appearance,problems,interventions,recommendations,next_visit
1,Appropriately dressed but appears tired and stressed,Academic performance decline and exam anxiety,Stress management techniques and time management counseling,Continue weekly sessions and practice relaxation exercises,2025-08-05
2,Well-groomed but shows signs of emotional distress,Relationship conflicts and social isolation,Active listening and communication skills training,Join peer support group and schedule follow-up,2025-08-10
3,Disheveled appearance with poor hygiene,Severe depression and suicidal ideation,Crisis intervention and safety planning,Immediate psychiatric referral and daily check-ins,2025-07-26
4,Professional appearance but restless behavior,Career uncertainty and future planning anxiety,Career assessment and goal setting activities,Research career options and schedule aptitude testing,2025-08-12
5,Casual dress with good eye contact,Family conflicts and financial stress,Problem-solving strategies and family mediation,Involve family in next session if possible,2025-08-08