session_id,referrer_name,referrer_contact,reasons,date
1,Dr. Ghana Mental Health Hospital,+233 30 280 8901,Severe depression requiring psychiatric evaluation,2025-08-15
2,AAMUSTED Medical Centre,medical@aamusted.edu.gh,Physical health assessment needed,2025-08-20
3,Greater Accra Psychiatric Hospital,info@gaphospital.gov.gh,Crisis intervention and medication review,2025-08-25
4,Family Therapy Centre Accra,+233 24 456 7890,Family counseling and mediation services,2025-09-01
5,Substance Abuse Recovery Centre,recovery@sarc.org.gh,Addiction treatment and rehabilitation,2025-09-05