appointment_id,counselor_id,session_type,notes
1,1,Individual,"Initial session with student presenting academic stress. Student reports difficulty managing coursework load and exam anxiety. Discussed coping strategies and time management techniques. Provided relaxation exercises. Plan to continue weekly sessions."
2,1,Individual,"Follow-up session for anxiety management. Student has been practicing breathing exercises with some improvement. Explored triggers for anxiety episodes. Introduced cognitive restructuring techniques. Homework assigned: daily mood tracking."
,1,Individual,"Walk-in session with student experiencing crisis. Immediate safety assessment conducted - low risk. Provided crisis counseling and safety planning. Connected with support resources. Follow-up appointment scheduled within 48 hours."
3,1,Individual,"Career guidance session. Administered career interest inventory. Discussed student's strengths and potential career paths. Provided information about graduate programs and job market. Plan to schedule follow-up in 2 weeks."
4,1,Individual,"Relationship counseling session. Student discussed conflicts with romantic partner and family tensions. Practiced communication skills and boundary setting. Explored healthy relationship patterns. Referred to couples counseling resources."
