name,age,gender,program,contact
John Doe,20,Male,Computer Science,john.doe@example.com
Jane Smith,22,Female,Psychology,+233 54 123 4567
Michael Johnson,21,Male,Business Administration,michael.j@gmail.com
Sarah Williams,19,Female,Education,sarah.williams@aamusted.edu.gh
David Brown,23,Male,Engineering,+233 24 987 6543
Lisa Davis,20,Female,Nursing,lisa.davis@example.com
Robert Wilson,22,Male,Economics,robert.w@yahoo.com
Emily Taylor,21,Female,English Literature,emily.taylor@gmail.com
James Anderson,24,Male,Mathematics,james.anderson@example.com
Jennifer Thomas,19,Female,Biology,jennifer.t@aamusted.edu.gh
